Workshop Name,Workshop Seite Eversports,Version
Hip Hop Pole Workshop,https://www.eversports.de/e/workshop/x31ysLeOS,2023-04-18 00:12:47
Circus Kids Luftakrobatik Workshop,https://www.eversports.de/e/workshop/x1w0Mq3Y7,2023-04-18 00:12:47
Pole Dance Probestunde *Poda Birthday Special* Free,https://www.eversports.de/e/workshop/xFwPArnAH,2023-04-18 00:12:47
Pole Fitness *Poda Birthday Special* Free,https://www.eversports.de/e/workshop/Sh6fqaIks,2023-04-18 00:12:47
Twerk & Chair *Poda Birthday Special* Free,https://www.eversports.de/e/workshop/feME-_7tG,2023-04-18 00:12:47
Hard Style Exotic Pole Workshop,https://www.eversports.de/e/workshop/dCR2PVd05,2023-04-18 00:12:47
Circus Kids Luftakrobatik Workshop,https://www.eversports.de/e/workshop/nb8_WV2wH,2023-04-18 00:12:47
*Fortsetzung folgt...* Lady Marmalade Chair Dance Workshop,https://www.eversports.de/e/workshop/cDPxswQQp,2023-04-18 00:12:47
*Fortsetzung folgt...* Azzlack Stereotyp 2 - Exotic Pole Workshop,https://www.eversports.de/e/workshop/xo_EQbOQn,2023-04-18 00:12:47
Circus Kids Luftakrobatik Workshop,https://www.eversports.de/e/workshop/HGkpQ9uAJ,2023-04-18 00:12:47
Circus Kids Luftakrobatik Workshop,https://www.eversports.de/e/workshop/Bz5neTPTa,2023-04-18 00:12:47
Circus Kids Luftakrobatik Workshop,https://www.eversports.de/e/workshop/3zdELX6G_,2023-04-18 00:12:47
Circus Kids Luftakrobatik Workshop,https://www.eversports.de/e/workshop/tUZ-pbNF0,2023-04-18 00:12:47
Circus Kids Luftakrobatik Workshop,https://www.eversports.de/e/workshop/5u5RfrpDC,2023-04-18 00:12:47
Circus Kids Luftakrobatik Workshop,https://www.eversports.de/e/workshop/RPiNq9mm6,2023-04-18 00:12:47
