Business Name,Studio Workshop Url: SW
poda Studio,https://www.eversports.de/sw/poda-studio
Pura Studio,https://www.eversports.de/sw/pura-studio
Polesition Regensburg,https://www.eversports.de/sw/polesition-regensburg
Sportheim Abensberg,https://www.eversports.de/sw/sportheim-abensberg
Körperformfabrik GbR,https://www.eversports.de/sw/körperformfabrik-gbr
Soultide,https://www.eversports.de/sw/soultide
FEEL GOOD FACTORY: Pole • Stretch • Fly,https://www.eversports.de/sw/feel-good-factory:-pole-•-stretch-•-fly
CSS AERIAL DANCE STUDIO,https://www.eversports.de/sw/css-aerial-dance-studio
AIRobics,https://www.eversports.de/sw/airobics
Polemotions Tübingen,https://www.eversports.de/sw/polemotions-tübingen
Polemotions Filderstadt,https://www.eversports.de/sw/polemotions-filderstadt
Passionate Pole & Sports,https://www.eversports.de/sw/passionate-pole-&-sports
poda Studio,https://www.eversports.de/sw/poda-studio
Pura Studio,https://www.eversports.de/sw/pura-studio
Pura Studio,https://www.eversports.de/sw/pura-studio
poda Studio,https://www.eversports.de/sw/poda-studio
The Pole Jungle,https://www.eversports.de/sw/the-pole-jungle
Yoga and Pole Art by Selina,https://www.eversports.de/sw/yoga-and-pole-art-by-selina
ST Polestudio,https://www.eversports.de/sw/st-polestudio
Infinity Polesports,https://www.eversports.de/sw/infinity-polesports
Vertical - Pole Aerial Dance,https://www.eversports.de/sw/vertical---pole-aerial-dance
Polefamily-Koblenz,https://www.eversports.de/sw/polefamily-koblenz
Vertical - Pole Aerial Dance,https://www.eversports.de/sw/vertical---pole-aerial-dance
TSG Blau-Gold Gießen e.V.,https://www.eversports.de/sw/tsg-blau-gold-gießen-e.v.
Pole Plus,https://www.eversports.de/sw/pole-plus
Pole Circus A + K,https://www.eversports.de/sw/pole-circus-a-+-k
Polefly Academy,https://www.eversports.de/sw/polefly-academy
Vertical - Pole Aerial Dance,https://www.eversports.de/sw/vertical---pole-aerial-dance
Pole Oase,https://www.eversports.de/sw/pole-oase
poda Studio,https://www.eversports.de/sw/poda-studio
Pura Studio,https://www.eversports.de/sw/pura-studio
POLE LOFT,https://www.eversports.de/sw/pole-loft
POLE HEROES,https://www.eversports.de/sw/pole-heroes
CSS AERIAL DANCE STUDIO,https://www.eversports.de/sw/css-aerial-dance-studio
Anni's Pole-Dance Uetersen,https://www.eversports.de/sw/anni's-pole-dance-uetersen
Pole for Soul GbR,https://www.eversports.de/sw/pole-for-soul-gbr
Polefamily-Koblenz,https://www.eversports.de/sw/polefamily-koblenz
Center of Moving Arts,https://www.eversports.de/sw/center-of-moving-arts
Schönheitstanz Studio,https://www.eversports.de/sw/schönheitstanz-studio
X-Step Berlin,https://www.eversports.de/sw/x-step-berlin
IMA Intentional Movement Academy,https://www.eversports.de/sw/ima-intentional-movement-academy
YH Pole (and) Sports Berlin,https://www.eversports.de/sw/yh-pole-(and)-sports-berlin
YOGA at Lobe Block,https://www.eversports.de/sw/yoga-at-lobe-block
Aerial Loft,https://www.eversports.de/sw/aerial-loft
Pole Arts,https://www.eversports.de/sw/pole-arts
Pole Werk by Nelly,https://www.eversports.de/sw/pole-werk-by-nelly
Aerial Loft,https://www.eversports.de/sw/aerial-loft
Flow Academy,https://www.eversports.de/sw/flow-academy
Flow Academy,https://www.eversports.de/sw/flow-academy
Pole Arts,https://www.eversports.de/sw/pole-arts
Pole Werk by Nelly,https://www.eversports.de/sw/pole-werk-by-nelly
Pole Plus,https://www.eversports.de/sw/pole-plus
Pole Circus A + K,https://www.eversports.de/sw/pole-circus-a-+-k
Polefly Academy,https://www.eversports.de/sw/polefly-academy
Polearize,https://www.eversports.de/sw/polearize
Ramonas Tanzschmiede,https://www.eversports.de/sw/ramonas-tanzschmiede
Da Becca Flow and Fit,https://www.eversports.de/sw/da-becca-flow-and-fit
Polestructions,https://www.eversports.de/sw/polestructions
Polefamily-Koblenz,https://www.eversports.de/sw/polefamily-koblenz
Polestructions,https://www.eversports.de/sw/polestructions
Star Poledance,https://www.eversports.de/sw/star-poledance
aerialflow,https://www.eversports.de/sw/aerialflow
SECRET MOVES - Athletic Dance Studio,https://www.eversports.de/sw/secret-moves---athletic-dance-studio
Ramonas Tanzschmiede,https://www.eversports.de/sw/ramonas-tanzschmiede
Poledancestar,https://www.eversports.de/sw/poledancestar
PoleFitness Leipzig,https://www.eversports.de/sw/polefitness-leipzig
Polefamily-Koblenz,https://www.eversports.de/sw/polefamily-koblenz
T-Tanzstück Braunschweig,https://www.eversports.de/sw/t-tanzstück-braunschweig
PoleRoom Braunschweig,https://www.eversports.de/sw/poleroom-braunschweig
T-Tanzstück Wolfsburg,https://www.eversports.de/sw/t-tanzstück-wolfsburg
Lift Off – Poledance Academy,https://www.eversports.de/sw/lift-off-–-poledance-academy
pure body concepts,https://www.eversports.de/sw/pure-body-concepts
Star Poledance,https://www.eversports.de/sw/star-poledance
Annaconda Pole & Fitness,https://www.eversports.de/sw/annaconda-pole-&-fitness
Körperformfabrik GbR,https://www.eversports.de/sw/körperformfabrik-gbr
Yoga Vidya Burgdorf,https://www.eversports.de/sw/yoga-vidya-burgdorf
Infinity Polesports,https://www.eversports.de/sw/infinity-polesports
La Belle,https://www.eversports.de/sw/la-belle
Pole Dance Studio Passion Hannover,https://www.eversports.de/sw/pole-dance-studio-passion-hannover
Yoga Vidya Burgdorf,https://www.eversports.de/sw/yoga-vidya-burgdorf
Pole Paradise,https://www.eversports.de/sw/pole-paradise
A heart for poledance,https://www.eversports.de/sw/a-heart-for-poledance
Dance & Pole Leverkusen,https://www.eversports.de/sw/dance-&-pole-leverkusen
Annaconda Pole & Fitness,https://www.eversports.de/sw/annaconda-pole-&-fitness
Dance & Pole Langenfeld,https://www.eversports.de/sw/dance-&-pole-langenfeld
One8dance Studio,https://www.eversports.de/sw/one8dance-studio
Poledance-Area,https://www.eversports.de/sw/poledance-area
Dance & Pole Deltawerk,https://www.eversports.de/sw/dance-&-pole-deltawerk
Pole and Move Mannheim,https://www.eversports.de/sw/pole-and-move-mannheim
Center of Moving Arts,https://www.eversports.de/sw/center-of-moving-arts
Pole and Move Online Studio,https://www.eversports.de/sw/pole-and-move-online-studio
Nordpole,https://www.eversports.de/sw/nordpole
ST Polestudio,https://www.eversports.de/sw/st-polestudio
Polearize,https://www.eversports.de/sw/polearize
körpernah,https://www.eversports.de/sw/körpernah
Ramonas Tanzschmiede,https://www.eversports.de/sw/ramonas-tanzschmiede
Da Becca Flow and Fit,https://www.eversports.de/sw/da-becca-flow-and-fit
PoleathletiX,https://www.eversports.de/sw/poleathletix
The Supergirl Studio,https://www.eversports.de/sw/the-supergirl-studio
Munich Poledance,https://www.eversports.de/sw/munich-poledance
Health & Shape München,https://www.eversports.de/sw/health-&-shape-münchen
Pole Faction - Pole Dance & Fitness,https://www.eversports.de/sw/pole-faction---pole-dance-&-fitness
körpernah,https://www.eversports.de/sw/körpernah
Da Becca Flow and Fit,https://www.eversports.de/sw/da-becca-flow-and-fit
Stadtgazellen Bremen,https://www.eversports.de/sw/stadtgazellen-bremen
Pole Faction - Pole Dance & Fitness,https://www.eversports.de/sw/pole-faction---pole-dance-&-fitness
Lift Off – Poledance Academy,https://www.eversports.de/sw/lift-off-–-poledance-academy
VerticalArts Pole & Aerial Fitness,https://www.eversports.de/sw/verticalarts-pole-&-aerial-fitness
Aerial Loft,https://www.eversports.de/sw/aerial-loft
Polemotions GP,https://www.eversports.de/sw/polemotions-gp
Pole Acrobatics,https://www.eversports.de/sw/pole-acrobatics
Pole Paradise,https://www.eversports.de/sw/pole-paradise
BodySoul Studio Düsseldorf,https://www.eversports.de/sw/bodysoul-studio-düsseldorf
Pole Land,https://www.eversports.de/sw/pole-land
Dance & Pole Leverkusen,https://www.eversports.de/sw/dance-&-pole-leverkusen
Dance & Pole Langenfeld,https://www.eversports.de/sw/dance-&-pole-langenfeld
SECRET MOVES - Athletic Dance Studio,https://www.eversports.de/sw/secret-moves---athletic-dance-studio
aerialflow,https://www.eversports.de/sw/aerialflow
Lift Off – Poledance Academy,https://www.eversports.de/sw/lift-off-–-poledance-academy
schwerelos Münster,https://www.eversports.de/sw/schwerelos-münster
Pole Dance Krefeld,https://www.eversports.de/sw/pole-dance-krefeld
POLE LOFT,https://www.eversports.de/sw/pole-loft
pure body concepts,https://www.eversports.de/sw/pure-body-concepts
Anni's Pole-Dance Uetersen,https://www.eversports.de/sw/anni's-pole-dance-uetersen
Tanzteufel,https://www.eversports.de/sw/tanzteufel
Glow Sports Club,https://www.eversports.de/sw/glow-sports-club
Poledance-Area,https://www.eversports.de/sw/poledance-area
Pole and Move Mannheim,https://www.eversports.de/sw/pole-and-move-mannheim
Pole and Move Heidelberg,https://www.eversports.de/sw/pole-and-move-heidelberg
Pole Statement,https://www.eversports.de/sw/pole-statement
Pole Dance Palazzo Sportivo,https://www.eversports.de/sw/pole-dance-palazzo-sportivo
Pole and Move Ketsch,https://www.eversports.de/sw/pole-and-move-ketsch
Pole and Move Online Studio,https://www.eversports.de/sw/pole-and-move-online-studio
Polea - Pole and Aerial Dance,https://www.eversports.de/sw/polea---pole-and-aerial-dance
Tanzstudio Michel,https://www.eversports.de/sw/tanzstudio-michel
Star Poledance,https://www.eversports.de/sw/star-poledance
POLEDANCE NRW,https://www.eversports.de/sw/poledance-nrw
BodySoul Studio Düsseldorf,https://www.eversports.de/sw/bodysoul-studio-düsseldorf
Pole Land,https://www.eversports.de/sw/pole-land
Dance & Pole Langenfeld,https://www.eversports.de/sw/dance-&-pole-langenfeld
Dance & Pole Deltawerk,https://www.eversports.de/sw/dance-&-pole-deltawerk
POLE HEROES,https://www.eversports.de/sw/pole-heroes
POLE LOFT,https://www.eversports.de/sw/pole-loft
UpsideDown Studio Bad Homburg,https://www.eversports.de/sw/upsidedown-studio-bad-homburg
UpsideDown Studio Friedrichsdorf,https://www.eversports.de/sw/upsidedown-studio-friedrichsdorf
Lift Off – Poledance Academy,https://www.eversports.de/sw/lift-off-–-poledance-academy
poda Studio,https://www.eversports.de/sw/poda-studio
Pura Studio,https://www.eversports.de/sw/pura-studio
aerialflow,https://www.eversports.de/sw/aerialflow
Polearize,https://www.eversports.de/sw/polearize
Ramonas Tanzschmiede,https://www.eversports.de/sw/ramonas-tanzschmiede
Da Becca Flow and Fit,https://www.eversports.de/sw/da-becca-flow-and-fit
Tanzteufel,https://www.eversports.de/sw/tanzteufel
Papillon Dance and Sport Academy,https://www.eversports.de/sw/papillon-dance-and-sport-academy
Star Poledance,https://www.eversports.de/sw/star-poledance
VerticalArts Pole & Aerial Fitness,https://www.eversports.de/sw/verticalarts-pole-&-aerial-fitness
Aerial Loft,https://www.eversports.de/sw/aerial-loft
VerticalArts Pole & Aerial Fitness,https://www.eversports.de/sw/verticalarts-pole-&-aerial-fitness
Polemotions Filderstadt,https://www.eversports.de/sw/polemotions-filderstadt
Seemannsbraut Poledance,https://www.eversports.de/sw/seemannsbraut-poledance
"move Lounge - Pilates, PowerPlate, TRX, Personaltraining","https://www.eversports.de/sw/move-lounge---pilates,-powerplate,-trx,-personaltraining"
POLE LOFT,https://www.eversports.de/sw/pole-loft
Pole and Move Mannheim,https://www.eversports.de/sw/pole-and-move-mannheim
Pole and Move Online Studio,https://www.eversports.de/sw/pole-and-move-online-studio
Pole Paradise,https://www.eversports.de/sw/pole-paradise
Annaconda Pole & Fitness,https://www.eversports.de/sw/annaconda-pole-&-fitness
BALANCE Neumarkt,https://www.eversports.de/sw/balance-neumarkt
UpsideDown Studio Friedrichsdorf,https://www.eversports.de/sw/upsidedown-studio-friedrichsdorf
UpsideDown Studio Bad Homburg,https://www.eversports.de/sw/upsidedown-studio-bad-homburg
Aerial Art Poledance,https://www.eversports.de/sw/aerial-art-poledance
Pole Arts,https://www.eversports.de/sw/pole-arts
Polerina's Poledance,https://www.eversports.de/sw/polerina's-poledance
Pole Werk by Nelly,https://www.eversports.de/sw/pole-werk-by-nelly
Les.Pole,https://www.eversports.de/sw/les.pole
La Belle,https://www.eversports.de/sw/la-belle
Pole Dance Studio Passion Hannover,https://www.eversports.de/sw/pole-dance-studio-passion-hannover
Polea - Pole and Aerial Dance,https://www.eversports.de/sw/polea---pole-and-aerial-dance
Pole Oase,https://www.eversports.de/sw/pole-oase
La Belle,https://www.eversports.de/sw/la-belle
Pole Dance Studio Passion Hannover,https://www.eversports.de/sw/pole-dance-studio-passion-hannover
Pura Studio,https://www.eversports.de/sw/pura-studio
Pole Oase,https://www.eversports.de/sw/pole-oase
Polemotions GP,https://www.eversports.de/sw/polemotions-gp
Pole Acrobatics,https://www.eversports.de/sw/pole-acrobatics
aerialflow,https://www.eversports.de/sw/aerialflow
Polearize,https://www.eversports.de/sw/polearize
Ramonas Tanzschmiede,https://www.eversports.de/sw/ramonas-tanzschmiede
Da Becca Flow and Fit,https://www.eversports.de/sw/da-becca-flow-and-fit
Stadtgazellen Studio,https://www.eversports.de/sw/stadtgazellen-studio
VerticalArts Pole & Aerial Fitness,https://www.eversports.de/sw/verticalarts-pole-&-aerial-fitness
Polemotions Filderstadt,https://www.eversports.de/sw/polemotions-filderstadt
Aerial Loft,https://www.eversports.de/sw/aerial-loft
Munich Poledance,https://www.eversports.de/sw/munich-poledance
The Supergirl Studio,https://www.eversports.de/sw/the-supergirl-studio
Pole Faction - Pole Dance & Fitness,https://www.eversports.de/sw/pole-faction---pole-dance-&-fitness
Center of Moving Arts,https://www.eversports.de/sw/center-of-moving-arts
Pole Plus,https://www.eversports.de/sw/pole-plus
Pole Circus A + K,https://www.eversports.de/sw/pole-circus-a-+-k
Polefly Academy,https://www.eversports.de/sw/polefly-academy
TSG Blau-Gold Gießen e.V.,https://www.eversports.de/sw/tsg-blau-gold-gießen-e.v.
T-Tanzstück Wolfsburg,https://www.eversports.de/sw/t-tanzstück-wolfsburg
Polea - Pole and Aerial Dance,https://www.eversports.de/sw/polea---pole-and-aerial-dance
Tanzstudio Michel,https://www.eversports.de/sw/tanzstudio-michel
Janine Hollung,https://www.eversports.de/sw/janine-hollung
aerialflow,https://www.eversports.de/sw/aerialflow
SECRET MOVES - Athletic Dance Studio,https://www.eversports.de/sw/secret-moves---athletic-dance-studio
Ramonas Tanzschmiede,https://www.eversports.de/sw/ramonas-tanzschmiede
Da Becca Flow and Fit,https://www.eversports.de/sw/da-becca-flow-and-fit
Soultide,https://www.eversports.de/sw/soultide
FEEL GOOD FACTORY: Pole • Stretch • Fly,https://www.eversports.de/sw/feel-good-factory:-pole-•-stretch-•-fly
AIRobics,https://www.eversports.de/sw/airobics
Seemannsbraut Poledance,https://www.eversports.de/sw/seemannsbraut-poledance
"move Lounge - Pilates, PowerPlate, TRX, Personaltraining","https://www.eversports.de/sw/move-lounge---pilates,-powerplate,-trx,-personaltraining"
The Pole Lounge,https://www.eversports.de/sw/the-pole-lounge
Firstsports - Polefitness,https://www.eversports.de/sw/firstsports---polefitness
Polemotions GP,https://www.eversports.de/sw/polemotions-gp
Pole Acrobatics,https://www.eversports.de/sw/pole-acrobatics
POLE LOFT,https://www.eversports.de/sw/pole-loft
Pole for Soul GbR,https://www.eversports.de/sw/pole-for-soul-gbr
Pole Faction - Pole Dance & Fitness,https://www.eversports.de/sw/pole-faction---pole-dance-&-fitness
Studio Nienke,https://www.eversports.de/sw/studio-nienke
Studio Nienke,https://www.eversports.de/sw/studio-nienke
CALIPSO STUDIO,https://www.eversports.de/sw/calipso-studio
Pole Faction - Pole Dance & Fitness,https://www.eversports.de/sw/pole-faction---pole-dance-&-fitness
Center of Moving Arts,https://www.eversports.de/sw/center-of-moving-arts
Pole Faction - Pole Dance & Fitness,https://www.eversports.de/sw/pole-faction---pole-dance-&-fitness
Tanzstudio Michel,https://www.eversports.de/sw/tanzstudio-michel
Vertical - Pole Aerial Dance,https://www.eversports.de/sw/vertical---pole-aerial-dance
POLEside,https://www.eversports.de/sw/poleside
POLEDANCE NRW,https://www.eversports.de/sw/poledance-nrw
BodySoul Studio Düsseldorf,https://www.eversports.de/sw/bodysoul-studio-düsseldorf
Pole Land,https://www.eversports.de/sw/pole-land
Dance & Pole Leverkusen,https://www.eversports.de/sw/dance-&-pole-leverkusen
Dance & Pole Langenfeld,https://www.eversports.de/sw/dance-&-pole-langenfeld
Poledance-Area,https://www.eversports.de/sw/poledance-area
Dance & Pole Deltawerk,https://www.eversports.de/sw/dance-&-pole-deltawerk
Papillon Dance and Sport Academy,https://www.eversports.de/sw/papillon-dance-and-sport-academy
Polefriends Halle,https://www.eversports.de/sw/polefriends-halle
Pole Dance Beauties,https://www.eversports.de/sw/pole-dance-beauties
Polefriends Halle,https://www.eversports.de/sw/polefriends-halle
Pole Dance Beauties,https://www.eversports.de/sw/pole-dance-beauties
Pole Dance Studio Passion Hannover,https://www.eversports.de/sw/pole-dance-studio-passion-hannover
La Belle,https://www.eversports.de/sw/la-belle
Polearize,https://www.eversports.de/sw/polearize
Ramonas Tanzschmiede,https://www.eversports.de/sw/ramonas-tanzschmiede
Da Becca Flow and Fit,https://www.eversports.de/sw/da-becca-flow-and-fit
Pole and Move Mannheim,https://www.eversports.de/sw/pole-and-move-mannheim
Pole Statement,https://www.eversports.de/sw/pole-statement
Pole and Move Heidelberg,https://www.eversports.de/sw/pole-and-move-heidelberg
Pole Dance Palazzo Sportivo,https://www.eversports.de/sw/pole-dance-palazzo-sportivo
Pole and Move Ketsch,https://www.eversports.de/sw/pole-and-move-ketsch
Pole and Move Online Studio,https://www.eversports.de/sw/pole-and-move-online-studio
POLEside,https://www.eversports.de/sw/poleside
POLEDANCE NRW,https://www.eversports.de/sw/poledance-nrw
Pole Land,https://www.eversports.de/sw/pole-land
La Belle,https://www.eversports.de/sw/la-belle
Pole Dance Studio Passion Hannover,https://www.eversports.de/sw/pole-dance-studio-passion-hannover
Pole and Move Mannheim,https://www.eversports.de/sw/pole-and-move-mannheim
Center of Moving Arts,https://www.eversports.de/sw/center-of-moving-arts
Pole and Move Online Studio,https://www.eversports.de/sw/pole-and-move-online-studio
Yoga and Pole Art by Selina,https://www.eversports.de/sw/yoga-and-pole-art-by-selina
Schönheitstanz Studio,https://www.eversports.de/sw/schönheitstanz-studio
X-Step Berlin,https://www.eversports.de/sw/x-step-berlin
YOGA at Lobe Block,https://www.eversports.de/sw/yoga-at-lobe-block
Pole and Move Mannheim,https://www.eversports.de/sw/pole-and-move-mannheim
Center of Moving Arts,https://www.eversports.de/sw/center-of-moving-arts
Pole and Move Online Studio,https://www.eversports.de/sw/pole-and-move-online-studio
Tanzteufel,https://www.eversports.de/sw/tanzteufel
Luftbonbon,https://www.eversports.de/sw/luftbonbon
aerialflow,https://www.eversports.de/sw/aerialflow
Polearize,https://www.eversports.de/sw/polearize
Da Becca Flow and Fit,https://www.eversports.de/sw/da-becca-flow-and-fit
Ramonas Tanzschmiede,https://www.eversports.de/sw/ramonas-tanzschmiede
ST Polestudio,https://www.eversports.de/sw/st-polestudio
aerialflow,https://www.eversports.de/sw/aerialflow
SECRET MOVES - Athletic Dance Studio,https://www.eversports.de/sw/secret-moves---athletic-dance-studio
Polearize,https://www.eversports.de/sw/polearize
körpernah,https://www.eversports.de/sw/körpernah
Ramonas Tanzschmiede,https://www.eversports.de/sw/ramonas-tanzschmiede
Da Becca Flow and Fit,https://www.eversports.de/sw/da-becca-flow-and-fit
POLE HEROES,https://www.eversports.de/sw/pole-heroes
poda Studio,https://www.eversports.de/sw/poda-studio
Pura Studio,https://www.eversports.de/sw/pura-studio
Lift Off – Poledance Academy,https://www.eversports.de/sw/lift-off-–-poledance-academy
POLEDANCE NRW,https://www.eversports.de/sw/poledance-nrw
BodySoul Studio Düsseldorf,https://www.eversports.de/sw/bodysoul-studio-düsseldorf
Pole Land,https://www.eversports.de/sw/pole-land
Dance & Pole Leverkusen,https://www.eversports.de/sw/dance-&-pole-leverkusen
Dance & Pole Langenfeld,https://www.eversports.de/sw/dance-&-pole-langenfeld
Dance & Pole Deltawerk,https://www.eversports.de/sw/dance-&-pole-deltawerk
Pole and Move Heidelberg,https://www.eversports.de/sw/pole-and-move-heidelberg
Pole Statement,https://www.eversports.de/sw/pole-statement
Pole Dance Palazzo Sportivo,https://www.eversports.de/sw/pole-dance-palazzo-sportivo
Pole and Move Ketsch,https://www.eversports.de/sw/pole-and-move-ketsch
Polefamily-Koblenz,https://www.eversports.de/sw/polefamily-koblenz
Polefamily-Koblenz,https://www.eversports.de/sw/polefamily-koblenz
Polefamily-Koblenz,https://www.eversports.de/sw/polefamily-koblenz
Pole Arts,https://www.eversports.de/sw/pole-arts
Pole Werk by Nelly,https://www.eversports.de/sw/pole-werk-by-nelly
Poledance-Area,https://www.eversports.de/sw/poledance-area
Pole Paradise,https://www.eversports.de/sw/pole-paradise
A heart for poledance,https://www.eversports.de/sw/a-heart-for-poledance
Star Poledance,https://www.eversports.de/sw/star-poledance
Annaconda Pole & Fitness,https://www.eversports.de/sw/annaconda-pole-&-fitness
Pole for Soul GbR,https://www.eversports.de/sw/pole-for-soul-gbr
Pura Studio,https://www.eversports.de/sw/pura-studio
POLEDANCE NRW,https://www.eversports.de/sw/poledance-nrw
Pole Dance Krefeld,https://www.eversports.de/sw/pole-dance-krefeld
Pole Land,https://www.eversports.de/sw/pole-land
Papillon Dance and Sport Academy,https://www.eversports.de/sw/papillon-dance-and-sport-academy
UpsideDown Studio Bad Homburg,https://www.eversports.de/sw/upsidedown-studio-bad-homburg
UpsideDown Studio Friedrichsdorf,https://www.eversports.de/sw/upsidedown-studio-friedrichsdorf
Lift Off – Poledance Academy,https://www.eversports.de/sw/lift-off-–-poledance-academy
Papillon Dance and Sport Academy,https://www.eversports.de/sw/papillon-dance-and-sport-academy
Pole for Soul GbR,https://www.eversports.de/sw/pole-for-soul-gbr
Pole Oase,https://www.eversports.de/sw/pole-oase
Polesition Regensburg,https://www.eversports.de/sw/polesition-regensburg
Sportheim Abensberg,https://www.eversports.de/sw/sportheim-abensberg
Pole Dance Krefeld,https://www.eversports.de/sw/pole-dance-krefeld
PoleCreation,https://www.eversports.de/sw/polecreation
Tanzteufel,https://www.eversports.de/sw/tanzteufel
Star Poledance,https://www.eversports.de/sw/star-poledance
Annaconda Pole & Fitness,https://www.eversports.de/sw/annaconda-pole-&-fitness
Pure Motion Kiel,https://www.eversports.de/sw/pure-motion-kiel
Polefamily-Koblenz,https://www.eversports.de/sw/polefamily-koblenz
Pole Plus,https://www.eversports.de/sw/pole-plus
Pole Circus A + K,https://www.eversports.de/sw/pole-circus-a-+-k
Polefly Academy,https://www.eversports.de/sw/polefly-academy
Polestructions,https://www.eversports.de/sw/polestructions
VerticalArts Pole & Aerial Fitness,https://www.eversports.de/sw/verticalarts-pole-&-aerial-fitness
Aerial Loft,https://www.eversports.de/sw/aerial-loft
POLEDANCE NRW,https://www.eversports.de/sw/poledance-nrw
Pole Dance Krefeld,https://www.eversports.de/sw/pole-dance-krefeld
La Belle,https://www.eversports.de/sw/la-belle
Pole Dance Studio Passion Hannover,https://www.eversports.de/sw/pole-dance-studio-passion-hannover
Pole and Move Mannheim,https://www.eversports.de/sw/pole-and-move-mannheim
Pole and Move Heidelberg,https://www.eversports.de/sw/pole-and-move-heidelberg
Pole Statement,https://www.eversports.de/sw/pole-statement
Pole and Move Ketsch,https://www.eversports.de/sw/pole-and-move-ketsch
Pole and Move Online Studio,https://www.eversports.de/sw/pole-and-move-online-studio
Polefamily-Koblenz,https://www.eversports.de/sw/polefamily-koblenz
Pole Acrobatics,https://www.eversports.de/sw/pole-acrobatics
Pole and Move Mannheim,https://www.eversports.de/sw/pole-and-move-mannheim
Center of Moving Arts,https://www.eversports.de/sw/center-of-moving-arts
Pole and Move Online Studio,https://www.eversports.de/sw/pole-and-move-online-studio
Polefriends Halle,https://www.eversports.de/sw/polefriends-halle
Pole Dance Beauties,https://www.eversports.de/sw/pole-dance-beauties
Lift Off – Poledance Academy,https://www.eversports.de/sw/lift-off-–-poledance-academy
POLEDANCE NRW,https://www.eversports.de/sw/poledance-nrw
BodySoul Studio Düsseldorf,https://www.eversports.de/sw/bodysoul-studio-düsseldorf
Pole Land,https://www.eversports.de/sw/pole-land
A heart for poledance,https://www.eversports.de/sw/a-heart-for-poledance
Dance & Pole Leverkusen,https://www.eversports.de/sw/dance-&-pole-leverkusen
Dance & Pole Langenfeld,https://www.eversports.de/sw/dance-&-pole-langenfeld
One8dance Studio,https://www.eversports.de/sw/one8dance-studio
Dance & Pole Deltawerk,https://www.eversports.de/sw/dance-&-pole-deltawerk
La Belle,https://www.eversports.de/sw/la-belle
Pole Dance Studio Passion Hannover,https://www.eversports.de/sw/pole-dance-studio-passion-hannover
Pole Acrobatics,https://www.eversports.de/sw/pole-acrobatics
Aerial Art Poledance,https://www.eversports.de/sw/aerial-art-poledance
Move On! Dance Studio & Polemotions,https://www.eversports.de/sw/move-on!-dance-studio-&-polemotions
Yoga Vidya Burgdorf,https://www.eversports.de/sw/yoga-vidya-burgdorf
POLEDANCE NRW,https://www.eversports.de/sw/poledance-nrw
Pole Paradise,https://www.eversports.de/sw/pole-paradise
BodySoul Studio Düsseldorf,https://www.eversports.de/sw/bodysoul-studio-düsseldorf
Pole Land,https://www.eversports.de/sw/pole-land
A heart for poledance,https://www.eversports.de/sw/a-heart-for-poledance
Dance & Pole Leverkusen,https://www.eversports.de/sw/dance-&-pole-leverkusen
Dance & Pole Langenfeld,https://www.eversports.de/sw/dance-&-pole-langenfeld
One8dance Studio,https://www.eversports.de/sw/one8dance-studio
Poledance-Area,https://www.eversports.de/sw/poledance-area
Dance & Pole Deltawerk,https://www.eversports.de/sw/dance-&-pole-deltawerk
Pole and Move Heidelberg,https://www.eversports.de/sw/pole-and-move-heidelberg
Pole Statement,https://www.eversports.de/sw/pole-statement
Pole Dance Palazzo Sportivo,https://www.eversports.de/sw/pole-dance-palazzo-sportivo
Pole and Move Ketsch,https://www.eversports.de/sw/pole-and-move-ketsch
VerticalArts Pole & Aerial Fitness,https://www.eversports.de/sw/verticalarts-pole-&-aerial-fitness
Polemotions Filderstadt,https://www.eversports.de/sw/polemotions-filderstadt
POLEside,https://www.eversports.de/sw/poleside
Poledancestar,https://www.eversports.de/sw/poledancestar
Divapole,https://www.eversports.de/sw/divapole
PoleFitness Leipzig,https://www.eversports.de/sw/polefitness-leipzig
Aerial Circus,https://www.eversports.de/sw/aerial-circus
Body meets Soul Leipzig,https://www.eversports.de/sw/body-meets-soul-leipzig
Stadtgazellen Studio,https://www.eversports.de/sw/stadtgazellen-studio
VerticalArts Pole & Aerial Fitness,https://www.eversports.de/sw/verticalarts-pole-&-aerial-fitness
Aerial Loft,https://www.eversports.de/sw/aerial-loft
Dance & Pole Leverkusen,https://www.eversports.de/sw/dance-&-pole-leverkusen
Pole Paradise,https://www.eversports.de/sw/pole-paradise
BodySoul Studio Düsseldorf,https://www.eversports.de/sw/bodysoul-studio-düsseldorf
A heart for poledance,https://www.eversports.de/sw/a-heart-for-poledance
Annaconda Pole & Fitness,https://www.eversports.de/sw/annaconda-pole-&-fitness
Dance & Pole Langenfeld,https://www.eversports.de/sw/dance-&-pole-langenfeld
One8dance Studio,https://www.eversports.de/sw/one8dance-studio
Poledance-Area,https://www.eversports.de/sw/poledance-area
Dance & Pole Deltawerk,https://www.eversports.de/sw/dance-&-pole-deltawerk
TSG Blau-Gold Gießen e.V.,https://www.eversports.de/sw/tsg-blau-gold-gießen-e.v.
TSG Blau-Gold Gießen e.V.,https://www.eversports.de/sw/tsg-blau-gold-gießen-e.v.
Pura Studio,https://www.eversports.de/sw/pura-studio
Polestructions,https://www.eversports.de/sw/polestructions
Luftbonbon,https://www.eversports.de/sw/luftbonbon
Luftbonbon,https://www.eversports.de/sw/luftbonbon
TSG Blau-Gold Gießen e.V.,https://www.eversports.de/sw/tsg-blau-gold-gießen-e.v.
Polemotions GP,https://www.eversports.de/sw/polemotions-gp
Polemotions GP,https://www.eversports.de/sw/polemotions-gp
Center of Moving Arts,https://www.eversports.de/sw/center-of-moving-arts
körpernah,https://www.eversports.de/sw/körpernah
VerticalArts Pole & Aerial Fitness,https://www.eversports.de/sw/verticalarts-pole-&-aerial-fitness
Aerial Loft,https://www.eversports.de/sw/aerial-loft
The Pole Lounge,https://www.eversports.de/sw/the-pole-lounge
Firstsports - Polefitness,https://www.eversports.de/sw/firstsports---polefitness
UpsideDown Studio Bad Homburg,https://www.eversports.de/sw/upsidedown-studio-bad-homburg
UpsideDown Studio Friedrichsdorf,https://www.eversports.de/sw/upsidedown-studio-friedrichsdorf
Lift Off – Poledance Academy,https://www.eversports.de/sw/lift-off-–-poledance-academy
Polea - Pole and Aerial Dance,https://www.eversports.de/sw/polea---pole-and-aerial-dance
Tanzstudio Michel,https://www.eversports.de/sw/tanzstudio-michel
Janine Hollung,https://www.eversports.de/sw/janine-hollung
Pole and Move Mannheim,https://www.eversports.de/sw/pole-and-move-mannheim
Pole and Move Heidelberg,https://www.eversports.de/sw/pole-and-move-heidelberg
Pole Statement,https://www.eversports.de/sw/pole-statement
Pole and Move Online Studio,https://www.eversports.de/sw/pole-and-move-online-studio
Pole and Move Ketsch,https://www.eversports.de/sw/pole-and-move-ketsch
VerticalArts Pole & Aerial Fitness,https://www.eversports.de/sw/verticalarts-pole-&-aerial-fitness
Aerial Loft,https://www.eversports.de/sw/aerial-loft
aerialflow,https://www.eversports.de/sw/aerialflow
SECRET MOVES - Athletic Dance Studio,https://www.eversports.de/sw/secret-moves---athletic-dance-studio
Polestructions,https://www.eversports.de/sw/polestructions
Star Poledance,https://www.eversports.de/sw/star-poledance
POLEDANCE NRW,https://www.eversports.de/sw/poledance-nrw
Pole Dance Krefeld,https://www.eversports.de/sw/pole-dance-krefeld
BodySoul Studio Düsseldorf,https://www.eversports.de/sw/bodysoul-studio-düsseldorf
Pole Land,https://www.eversports.de/sw/pole-land
Niyaha Yoga Susann Kind,https://www.eversports.de/sw/niyaha-yoga-susann-kind
Flexx Arts - Aerial Dance & Fitness,https://www.eversports.de/sw/flexx-arts---aerial-dance-&-fitness
Poleart_Inspiration,https://www.eversports.de/sw/poleart_inspiration
Polefriends Halle,https://www.eversports.de/sw/polefriends-halle
MMC DANCE & Event Studio,https://www.eversports.de/sw/mmc-dance-&-event-studio
Pole Dance Beauties,https://www.eversports.de/sw/pole-dance-beauties
Move On! Dance Studio & Polemotions,https://www.eversports.de/sw/move-on!-dance-studio-&-polemotions
POLEDANCE NRW,https://www.eversports.de/sw/poledance-nrw
BodySoul Studio Düsseldorf,https://www.eversports.de/sw/bodysoul-studio-düsseldorf
Pole Land,https://www.eversports.de/sw/pole-land
Dance & Pole Deltawerk,https://www.eversports.de/sw/dance-&-pole-deltawerk
Tanzschule Poledance Reutlingen,https://www.eversports.de/sw/tanzschule-poledance-reutlingen
Passionate Pole & Sports,https://www.eversports.de/sw/passionate-pole-&-sports
Luftbonbon,https://www.eversports.de/sw/luftbonbon
POLEside,https://www.eversports.de/sw/poleside
Pole Dance Krefeld,https://www.eversports.de/sw/pole-dance-krefeld
Pole Paradise,https://www.eversports.de/sw/pole-paradise
BodySoul Studio Düsseldorf,https://www.eversports.de/sw/bodysoul-studio-düsseldorf
Pole Land,https://www.eversports.de/sw/pole-land
A heart for poledance,https://www.eversports.de/sw/a-heart-for-poledance
Dance & Pole Leverkusen,https://www.eversports.de/sw/dance-&-pole-leverkusen
Annaconda Pole & Fitness,https://www.eversports.de/sw/annaconda-pole-&-fitness
Dance & Pole Langenfeld,https://www.eversports.de/sw/dance-&-pole-langenfeld
Dance & Pole Deltawerk,https://www.eversports.de/sw/dance-&-pole-deltawerk
Lift Off – Poledance Academy,https://www.eversports.de/sw/lift-off-–-poledance-academy
POLEside,https://www.eversports.de/sw/poleside
Polemotions Tübingen,https://www.eversports.de/sw/polemotions-tübingen
Tanzschule Poledance Reutlingen,https://www.eversports.de/sw/tanzschule-poledance-reutlingen
Polefamily-Koblenz,https://www.eversports.de/sw/polefamily-koblenz
schwerelos Münster,https://www.eversports.de/sw/schwerelos-münster
schwerelos Münster,https://www.eversports.de/sw/schwerelos-münster
TSG Blau-Gold Gießen e.V.,https://www.eversports.de/sw/tsg-blau-gold-gießen-e.v.
Poledancestar,https://www.eversports.de/sw/poledancestar
PoleFitness Leipzig,https://www.eversports.de/sw/polefitness-leipzig
Pole and Move Heidelberg,https://www.eversports.de/sw/pole-and-move-heidelberg
Pole Statement,https://www.eversports.de/sw/pole-statement
Pole Dance Palazzo Sportivo,https://www.eversports.de/sw/pole-dance-palazzo-sportivo
Pole Statement,https://www.eversports.de/sw/pole-statement
Pole Dance Palazzo Sportivo,https://www.eversports.de/sw/pole-dance-palazzo-sportivo
POLEside,https://www.eversports.de/sw/poleside
UpsideDown Studio Bad Homburg,https://www.eversports.de/sw/upsidedown-studio-bad-homburg
UpsideDown Studio Friedrichsdorf,https://www.eversports.de/sw/upsidedown-studio-friedrichsdorf
ST Polestudio,https://www.eversports.de/sw/st-polestudio
POLEside,https://www.eversports.de/sw/poleside
Tanzschule Poledance Reutlingen,https://www.eversports.de/sw/tanzschule-poledance-reutlingen
Polemotions Filderstadt,https://www.eversports.de/sw/polemotions-filderstadt
Passionate Pole & Sports,https://www.eversports.de/sw/passionate-pole-&-sports
Lift Off – Poledance Academy,https://www.eversports.de/sw/lift-off-–-poledance-academy
Pole Dance Krefeld,https://www.eversports.de/sw/pole-dance-krefeld
Pole Dance Krefeld,https://www.eversports.de/sw/pole-dance-krefeld
Anni's Pole-Dance Neumünster,https://www.eversports.de/sw/anni's-pole-dance-neumünster
Infinity Polesports,https://www.eversports.de/sw/infinity-polesports
Pole Plus,https://www.eversports.de/sw/pole-plus
Pole Circus A + K,https://www.eversports.de/sw/pole-circus-a-+-k
Polefly Academy,https://www.eversports.de/sw/polefly-academy
POLEDANCE NRW,https://www.eversports.de/sw/poledance-nrw
Pole Dance Krefeld,https://www.eversports.de/sw/pole-dance-krefeld
BodySoul Studio Düsseldorf,https://www.eversports.de/sw/bodysoul-studio-düsseldorf
Pole Land,https://www.eversports.de/sw/pole-land
Flow Academy,https://www.eversports.de/sw/flow-academy
Polefamily-Koblenz,https://www.eversports.de/sw/polefamily-koblenz
Lift Off – Poledance Academy,https://www.eversports.de/sw/lift-off-–-poledance-academy
Pole for Soul GbR,https://www.eversports.de/sw/pole-for-soul-gbr
Polestructions,https://www.eversports.de/sw/polestructions
Star Poledance,https://www.eversports.de/sw/star-poledance
Polea - Pole and Aerial Dance,https://www.eversports.de/sw/polea---pole-and-aerial-dance
Tanzstudio Michel,https://www.eversports.de/sw/tanzstudio-michel
Janine Hollung,https://www.eversports.de/sw/janine-hollung
Janine Hollung,https://www.eversports.de/sw/janine-hollung
FEEL GOOD FACTORY: Pole • Stretch • Fly,https://www.eversports.de/sw/feel-good-factory:-pole-•-stretch-•-fly
CSS AERIAL DANCE STUDIO,https://www.eversports.de/sw/css-aerial-dance-studio
AIRobics,https://www.eversports.de/sw/airobics
KAIFU-LODGE,https://www.eversports.de/sw/kaifu-lodge
Anni's Pole-Dance Neumünster,https://www.eversports.de/sw/anni's-pole-dance-neumünster
-Pole-Aerial-Dance- Souldance,https://www.eversports.de/sw/-pole-aerial-dance--souldance
Flow Fusion Pole-Aerial-Dance Studio,https://www.eversports.de/sw/flow-fusion-pole-aerial-dance-studio
POLE HEROES,https://www.eversports.de/sw/pole-heroes
Lustforlife.Studio,https://www.eversports.de/sw/lustforlife.studio
Polemotions Filderstadt,https://www.eversports.de/sw/polemotions-filderstadt
Passionate Pole & Sports,https://www.eversports.de/sw/passionate-pole-&-sports
-Pole-Aerial-Dance- Souldance,https://www.eversports.de/sw/-pole-aerial-dance--souldance
Flow Fusion Pole-Aerial-Dance Studio,https://www.eversports.de/sw/flow-fusion-pole-aerial-dance-studio
Lustforlife.Studio,https://www.eversports.de/sw/lustforlife.studio
aerialflow,https://www.eversports.de/sw/aerialflow
Körperformfabrik GbR,https://www.eversports.de/sw/körperformfabrik-gbr
Pole Faction - Pole Dance & Fitness,https://www.eversports.de/sw/pole-faction---pole-dance-&-fitness
Aerial Loft,https://www.eversports.de/sw/aerial-loft
Lift Off – Poledance Academy,https://www.eversports.de/sw/lift-off-–-poledance-academy
UpsideDown Studio Bad Homburg,https://www.eversports.de/sw/upsidedown-studio-bad-homburg
UpsideDown Studio Friedrichsdorf,https://www.eversports.de/sw/upsidedown-studio-friedrichsdorf
Lift Off – Poledance Academy,https://www.eversports.de/sw/lift-off-–-poledance-academy
Pole Oase,https://www.eversports.de/sw/pole-oase
Vertical - Pole Aerial Dance,https://www.eversports.de/sw/vertical---pole-aerial-dance
aerialflow,https://www.eversports.de/sw/aerialflow
körpernah,https://www.eversports.de/sw/körpernah
Da Becca Flow and Fit,https://www.eversports.de/sw/da-becca-flow-and-fit
Polea - Pole and Aerial Dance,https://www.eversports.de/sw/polea---pole-and-aerial-dance
Pole Oase,https://www.eversports.de/sw/pole-oase
The Supergirl Studio,https://www.eversports.de/sw/the-supergirl-studio
PoleWirbel,https://www.eversports.de/sw/polewirbel
körpernah,https://www.eversports.de/sw/körpernah
Poleaddict,https://www.eversports.de/sw/poleaddict
Stadtgazellen Studio,https://www.eversports.de/sw/stadtgazellen-studio
Stadtgazellen Bremen,https://www.eversports.de/sw/stadtgazellen-bremen
VerticalArts Pole & Aerial Fitness,https://www.eversports.de/sw/verticalarts-pole-&-aerial-fitness
Polemotions Filderstadt,https://www.eversports.de/sw/polemotions-filderstadt
Passionate Pole & Sports,https://www.eversports.de/sw/passionate-pole-&-sports
Aerial Art Poledance,https://www.eversports.de/sw/aerial-art-poledance
Pole Arts,https://www.eversports.de/sw/pole-arts
Pole Werk by Nelly,https://www.eversports.de/sw/pole-werk-by-nelly
A heart for poledance,https://www.eversports.de/sw/a-heart-for-poledance
One8dance Studio,https://www.eversports.de/sw/one8dance-studio
Passionate Pole & Sports,https://www.eversports.de/sw/passionate-pole-&-sports
Polemotions GP,https://www.eversports.de/sw/polemotions-gp
Tanzschule Poledance Reutlingen,https://www.eversports.de/sw/tanzschule-poledance-reutlingen
Polemotions Tübingen,https://www.eversports.de/sw/polemotions-tübingen
Pole Faction - Pole Dance & Fitness,https://www.eversports.de/sw/pole-faction---pole-dance-&-fitness
Center of Moving Arts,https://www.eversports.de/sw/center-of-moving-arts
Pole Dance Palazzo Sportivo,https://www.eversports.de/sw/pole-dance-palazzo-sportivo
Pole and Move Ketsch,https://www.eversports.de/sw/pole-and-move-ketsch
Nordpole,https://www.eversports.de/sw/nordpole
Anni's Pole-Dance Uetersen,https://www.eversports.de/sw/anni's-pole-dance-uetersen
KAIFU-LODGE,https://www.eversports.de/sw/kaifu-lodge
Polemotions Filderstadt,https://www.eversports.de/sw/polemotions-filderstadt
Passionate Pole & Sports,https://www.eversports.de/sw/passionate-pole-&-sports
TSG Blau-Gold Gießen e.V.,https://www.eversports.de/sw/tsg-blau-gold-gießen-e.v.
Pure Motion Kiel,https://www.eversports.de/sw/pure-motion-kiel
Munich Poledance,https://www.eversports.de/sw/munich-poledance
The Supergirl Studio,https://www.eversports.de/sw/the-supergirl-studio
Pole Paradise,https://www.eversports.de/sw/pole-paradise
Dance & Pole Leverkusen,https://www.eversports.de/sw/dance-&-pole-leverkusen
Dance & Pole Langenfeld,https://www.eversports.de/sw/dance-&-pole-langenfeld
Annaconda Pole & Fitness,https://www.eversports.de/sw/annaconda-pole-&-fitness
Aerial Art Poledance,https://www.eversports.de/sw/aerial-art-poledance
Polerina's Poledance,https://www.eversports.de/sw/polerina's-poledance
Move On! Dance Studio & Polemotions,https://www.eversports.de/sw/move-on!-dance-studio-&-polemotions
Janardana Yoga,https://www.eversports.de/sw/janardana-yoga
CSS AERIAL DANCE STUDIO,https://www.eversports.de/sw/css-aerial-dance-studio
Anni's Pole-Dance Uetersen,https://www.eversports.de/sw/anni's-pole-dance-uetersen
Poledance-Area,https://www.eversports.de/sw/poledance-area
Polefamily-Koblenz,https://www.eversports.de/sw/polefamily-koblenz
POLEDANCE NRW,https://www.eversports.de/sw/poledance-nrw
BodySoul Studio Düsseldorf,https://www.eversports.de/sw/bodysoul-studio-düsseldorf
Pole Land,https://www.eversports.de/sw/pole-land
Pole and Move Heidelberg,https://www.eversports.de/sw/pole-and-move-heidelberg
Pole Dance Palazzo Sportivo,https://www.eversports.de/sw/pole-dance-palazzo-sportivo
Pole and Move Ketsch,https://www.eversports.de/sw/pole-and-move-ketsch
Tanzstudio Michel,https://www.eversports.de/sw/tanzstudio-michel
Janine Hollung,https://www.eversports.de/sw/janine-hollung
aerialflow,https://www.eversports.de/sw/aerialflow
körpernah,https://www.eversports.de/sw/körpernah
Ramonas Tanzschmiede,https://www.eversports.de/sw/ramonas-tanzschmiede
Da Becca Flow and Fit,https://www.eversports.de/sw/da-becca-flow-and-fit
Pole Faction - Pole Dance & Fitness,https://www.eversports.de/sw/pole-faction---pole-dance-&-fitness
Soultide,https://www.eversports.de/sw/soultide
FEEL GOOD FACTORY: Pole • Stretch • Fly,https://www.eversports.de/sw/feel-good-factory:-pole-•-stretch-•-fly
AIRobics,https://www.eversports.de/sw/airobics
Pole Faction - Pole Dance & Fitness,https://www.eversports.de/sw/pole-faction---pole-dance-&-fitness
Poledance-Area,https://www.eversports.de/sw/poledance-area
Dance & Pole Leverkusen,https://www.eversports.de/sw/dance-&-pole-leverkusen
Dance & Pole Deltawerk,https://www.eversports.de/sw/dance-&-pole-deltawerk
Körperformfabrik GbR,https://www.eversports.de/sw/körperformfabrik-gbr
ST Polestudio,https://www.eversports.de/sw/st-polestudio
Polemotions Tübingen,https://www.eversports.de/sw/polemotions-tübingen
Tanzschule Poledance Reutlingen,https://www.eversports.de/sw/tanzschule-poledance-reutlingen
Polestructions,https://www.eversports.de/sw/polestructions
Star Poledance,https://www.eversports.de/sw/star-poledance
Dayuma - Pole & Acrobatics,https://www.eversports.de/sw/dayuma---pole-&-acrobatics
LOFT1 BASEL CITY,https://www.eversports.de/sw/loft1-basel-city
SWISS MEGA PARK,https://www.eversports.de/sw/swiss-mega-park
Papillon Dance and Sport Academy,https://www.eversports.de/sw/papillon-dance-and-sport-academy
Polefamily-Koblenz,https://www.eversports.de/sw/polefamily-koblenz
Pole Faction - Pole Dance & Fitness,https://www.eversports.de/sw/pole-faction---pole-dance-&-fitness
Poleaddict,https://www.eversports.de/sw/poleaddict
Lift Off – Poledance Academy,https://www.eversports.de/sw/lift-off-–-poledance-academy
La Belle,https://www.eversports.de/sw/la-belle
Pole Dance Studio Passion Hannover,https://www.eversports.de/sw/pole-dance-studio-passion-hannover
A heart for poledance,https://www.eversports.de/sw/a-heart-for-poledance
One8dance Studio,https://www.eversports.de/sw/one8dance-studio
Move On! Dance Studio & Polemotions,https://www.eversports.de/sw/move-on!-dance-studio-&-polemotions
Aerial Loft,https://www.eversports.de/sw/aerial-loft
PoleRoom Braunschweig,https://www.eversports.de/sw/poleroom-braunschweig
Nordpole,https://www.eversports.de/sw/nordpole
Soultide,https://www.eversports.de/sw/soultide
FEEL GOOD FACTORY: Pole • Stretch • Fly,https://www.eversports.de/sw/feel-good-factory:-pole-•-stretch-•-fly
CSS AERIAL DANCE STUDIO,https://www.eversports.de/sw/css-aerial-dance-studio
Anni's Pole-Dance Uetersen,https://www.eversports.de/sw/anni's-pole-dance-uetersen
AIRobics,https://www.eversports.de/sw/airobics
KAIFU-LODGE,https://www.eversports.de/sw/kaifu-lodge
Pole and Move Mannheim,https://www.eversports.de/sw/pole-and-move-mannheim
Pole and Move Ketsch,https://www.eversports.de/sw/pole-and-move-ketsch
Pole and Move Online Studio,https://www.eversports.de/sw/pole-and-move-online-studio
The Pole Lounge,https://www.eversports.de/sw/the-pole-lounge
Firstsports - Polefitness,https://www.eversports.de/sw/firstsports---polefitness
Polemotions GP,https://www.eversports.de/sw/polemotions-gp
Pole and Move Mannheim,https://www.eversports.de/sw/pole-and-move-mannheim
Pole and Move Heidelberg,https://www.eversports.de/sw/pole-and-move-heidelberg
Pole Statement,https://www.eversports.de/sw/pole-statement
Pole and Move Ketsch,https://www.eversports.de/sw/pole-and-move-ketsch
Pole and Move Online Studio,https://www.eversports.de/sw/pole-and-move-online-studio
-Pole-Aerial-Dance- Souldance,https://www.eversports.de/sw/-pole-aerial-dance--souldance
Flow Fusion Pole-Aerial-Dance Studio,https://www.eversports.de/sw/flow-fusion-pole-aerial-dance-studio
Lustforlife.Studio,https://www.eversports.de/sw/lustforlife.studio
POLEside,https://www.eversports.de/sw/poleside
Poledance-Area,https://www.eversports.de/sw/poledance-area
Dance & Pole Deltawerk,https://www.eversports.de/sw/dance-&-pole-deltawerk
Pole and Move Mannheim,https://www.eversports.de/sw/pole-and-move-mannheim
Pole and Move Heidelberg,https://www.eversports.de/sw/pole-and-move-heidelberg
Pole Statement,https://www.eversports.de/sw/pole-statement
Pole Dance Palazzo Sportivo,https://www.eversports.de/sw/pole-dance-palazzo-sportivo
Pole and Move Ketsch,https://www.eversports.de/sw/pole-and-move-ketsch
Pole and Move Online Studio,https://www.eversports.de/sw/pole-and-move-online-studio
La Belle,https://www.eversports.de/sw/la-belle
Pole Dance Studio Passion Hannover,https://www.eversports.de/sw/pole-dance-studio-passion-hannover
Yoga Vidya Burgdorf,https://www.eversports.de/sw/yoga-vidya-burgdorf
Vertical - Pole Aerial Dance,https://www.eversports.de/sw/vertical---pole-aerial-dance
körpernah,https://www.eversports.de/sw/körpernah
schwerelos Münster,https://www.eversports.de/sw/schwerelos-münster
Polestructions,https://www.eversports.de/sw/polestructions
VerticalArts Pole & Aerial Fitness,https://www.eversports.de/sw/verticalarts-pole-&-aerial-fitness
Glow Sports Club,https://www.eversports.de/sw/glow-sports-club
Aerial Studio,https://www.eversports.de/sw/aerial-studio
Studio AERIS,https://www.eversports.de/sw/studio-aeris
BodySoul Studio Düsseldorf,https://www.eversports.de/sw/bodysoul-studio-düsseldorf
Dance & Pole Deltawerk,https://www.eversports.de/sw/dance-&-pole-deltawerk
Dance & Pole Leverkusen,https://www.eversports.de/sw/dance-&-pole-leverkusen
Dance & Pole Langenfeld,https://www.eversports.de/sw/dance-&-pole-langenfeld
Poledance-Area,https://www.eversports.de/sw/poledance-area
Pole and Move Heidelberg,https://www.eversports.de/sw/pole-and-move-heidelberg
Pole Statement,https://www.eversports.de/sw/pole-statement
Pole Dance Palazzo Sportivo,https://www.eversports.de/sw/pole-dance-palazzo-sportivo
Pole and Move Ketsch,https://www.eversports.de/sw/pole-and-move-ketsch
Polearize,https://www.eversports.de/sw/polearize
Anni's Pole-Dance Uetersen,https://www.eversports.de/sw/anni's-pole-dance-uetersen
Pole Plus,https://www.eversports.de/sw/pole-plus
Pole Circus A + K,https://www.eversports.de/sw/pole-circus-a-+-k
Polefly Academy,https://www.eversports.de/sw/polefly-academy
TSG Blau-Gold Gießen e.V.,https://www.eversports.de/sw/tsg-blau-gold-gießen-e.v.
Pure Motion Kiel,https://www.eversports.de/sw/pure-motion-kiel
Aerial Loft,https://www.eversports.de/sw/aerial-loft
poda Studio,https://www.eversports.de/sw/poda-studio
Pura Studio,https://www.eversports.de/sw/pura-studio
Poleaddict,https://www.eversports.de/sw/poleaddict
Pole Oase,https://www.eversports.de/sw/pole-oase
Papillon Dance and Sport Academy,https://www.eversports.de/sw/papillon-dance-and-sport-academy
VerticalArts Pole & Aerial Fitness,https://www.eversports.de/sw/verticalarts-pole-&-aerial-fitness
Polemotions Filderstadt,https://www.eversports.de/sw/polemotions-filderstadt
Aerial Loft,https://www.eversports.de/sw/aerial-loft
Polemotions GP,https://www.eversports.de/sw/polemotions-gp
Pole Acrobatics,https://www.eversports.de/sw/pole-acrobatics
Aerial Loft,https://www.eversports.de/sw/aerial-loft
Polea - Pole and Aerial Dance,https://www.eversports.de/sw/polea---pole-and-aerial-dance
Tanzstudio Michel,https://www.eversports.de/sw/tanzstudio-michel
schwerelos Münster,https://www.eversports.de/sw/schwerelos-münster
Schönheitstanz Studio,https://www.eversports.de/sw/schönheitstanz-studio
X-Step Berlin,https://www.eversports.de/sw/x-step-berlin
YH Pole (and) Sports Berlin,https://www.eversports.de/sw/yh-pole-(and)-sports-berlin
Glow Sports Club,https://www.eversports.de/sw/glow-sports-club
Pole Dance Krefeld,https://www.eversports.de/sw/pole-dance-krefeld
Nordpole,https://www.eversports.de/sw/nordpole
Anni's Pole-Dance Uetersen,https://www.eversports.de/sw/anni's-pole-dance-uetersen
Polestructions,https://www.eversports.de/sw/polestructions
Polemotions Tübingen,https://www.eversports.de/sw/polemotions-tübingen
Tanzschule Poledance Reutlingen,https://www.eversports.de/sw/tanzschule-poledance-reutlingen
Pura Studio,https://www.eversports.de/sw/pura-studio
Anni's Pole-Dance Uetersen,https://www.eversports.de/sw/anni's-pole-dance-uetersen
Passionate Pole & Sports,https://www.eversports.de/sw/passionate-pole-&-sports
Polemotions GP,https://www.eversports.de/sw/polemotions-gp
Pole Acrobatics,https://www.eversports.de/sw/pole-acrobatics
Flow Academy,https://www.eversports.de/sw/flow-academy
Munich Poledance,https://www.eversports.de/sw/munich-poledance
The Supergirl Studio,https://www.eversports.de/sw/the-supergirl-studio
UpsideDown Studio Bad Homburg,https://www.eversports.de/sw/upsidedown-studio-bad-homburg
UpsideDown Studio Friedrichsdorf,https://www.eversports.de/sw/upsidedown-studio-friedrichsdorf
Polefamily-Koblenz,https://www.eversports.de/sw/polefamily-koblenz
BALANCE Neumarkt,https://www.eversports.de/sw/balance-neumarkt
Pole for Soul GbR,https://www.eversports.de/sw/pole-for-soul-gbr
Pole and Move Mannheim,https://www.eversports.de/sw/pole-and-move-mannheim
Pole Statement,https://www.eversports.de/sw/pole-statement
Center of Moving Arts,https://www.eversports.de/sw/center-of-moving-arts
Pole and Move Online Studio,https://www.eversports.de/sw/pole-and-move-online-studio
Pole Dance Krefeld,https://www.eversports.de/sw/pole-dance-krefeld
Luftbonbon,https://www.eversports.de/sw/luftbonbon
Flow Academy,https://www.eversports.de/sw/flow-academy
Aerial Art Poledance,https://www.eversports.de/sw/aerial-art-poledance
Polerina's Poledance,https://www.eversports.de/sw/polerina's-poledance
Move On! Dance Studio & Polemotions,https://www.eversports.de/sw/move-on!-dance-studio-&-polemotions
Janardana Yoga,https://www.eversports.de/sw/janardana-yoga
Pole Dance Palazzo Sportivo,https://www.eversports.de/sw/pole-dance-palazzo-sportivo
Pole and Move Ketsch,https://www.eversports.de/sw/pole-and-move-ketsch
Anni's Pole-Dance Neumünster,https://www.eversports.de/sw/anni's-pole-dance-neumünster
VerticalArts Pole & Aerial Fitness,https://www.eversports.de/sw/verticalarts-pole-&-aerial-fitness
Aerial Loft,https://www.eversports.de/sw/aerial-loft
Yoga and Pole Art by Selina,https://www.eversports.de/sw/yoga-and-pole-art-by-selina
VerticalArts Pole & Aerial Fitness,https://www.eversports.de/sw/verticalarts-pole-&-aerial-fitness
Polemotions Tübingen,https://www.eversports.de/sw/polemotions-tübingen
Polemotions Filderstadt,https://www.eversports.de/sw/polemotions-filderstadt
Tanzteufel,https://www.eversports.de/sw/tanzteufel
Pole Dance Palazzo Sportivo,https://www.eversports.de/sw/pole-dance-palazzo-sportivo
Pole and Move Heidelberg,https://www.eversports.de/sw/pole-and-move-heidelberg
Pole Statement,https://www.eversports.de/sw/pole-statement
Pole and Move Ketsch,https://www.eversports.de/sw/pole-and-move-ketsch
körpernah,https://www.eversports.de/sw/körpernah
Nordpole,https://www.eversports.de/sw/nordpole
Anni's Pole-Dance Uetersen,https://www.eversports.de/sw/anni's-pole-dance-uetersen
SWISS MEGA PARK,https://www.eversports.de/sw/swiss-mega-park
Pole and Move Mannheim,https://www.eversports.de/sw/pole-and-move-mannheim
Center of Moving Arts,https://www.eversports.de/sw/center-of-moving-arts
Pole and Move Online Studio,https://www.eversports.de/sw/pole-and-move-online-studio
VerticalArts Pole & Aerial Fitness,https://www.eversports.de/sw/verticalarts-pole-&-aerial-fitness
Aerial Loft,https://www.eversports.de/sw/aerial-loft
Flow Academy,https://www.eversports.de/sw/flow-academy
Polefamily-Koblenz,https://www.eversports.de/sw/polefamily-koblenz
Pole Faction - Pole Dance & Fitness,https://www.eversports.de/sw/pole-faction---pole-dance-&-fitness
Poledance-Area,https://www.eversports.de/sw/poledance-area
Dance & Pole Deltawerk,https://www.eversports.de/sw/dance-&-pole-deltawerk
Polemotions Filderstadt,https://www.eversports.de/sw/polemotions-filderstadt
Passionate Pole & Sports,https://www.eversports.de/sw/passionate-pole-&-sports
Polestructions,https://www.eversports.de/sw/polestructions
Star Poledance,https://www.eversports.de/sw/star-poledance
Annaconda Pole & Fitness,https://www.eversports.de/sw/annaconda-pole-&-fitness
Polearize,https://www.eversports.de/sw/polearize
Da Becca Flow and Fit,https://www.eversports.de/sw/da-becca-flow-and-fit
Polearize,https://www.eversports.de/sw/polearize
Da Becca Flow and Fit,https://www.eversports.de/sw/da-becca-flow-and-fit
TSG Blau-Gold Gießen e.V.,https://www.eversports.de/sw/tsg-blau-gold-gießen-e.v.
Tanzstudio Michel,https://www.eversports.de/sw/tanzstudio-michel
Polea - Pole and Aerial Dance,https://www.eversports.de/sw/polea---pole-and-aerial-dance
Janine Hollung,https://www.eversports.de/sw/janine-hollung
Passionate Pole & Sports,https://www.eversports.de/sw/passionate-pole-&-sports
Pole Acrobatics,https://www.eversports.de/sw/pole-acrobatics
Pole and Move Heidelberg,https://www.eversports.de/sw/pole-and-move-heidelberg
Pole Statement,https://www.eversports.de/sw/pole-statement
Pole Dance Palazzo Sportivo,https://www.eversports.de/sw/pole-dance-palazzo-sportivo
Pole and Move Ketsch,https://www.eversports.de/sw/pole-and-move-ketsch
ST Polestudio,https://www.eversports.de/sw/st-polestudio
Pole Dance Krefeld,https://www.eversports.de/sw/pole-dance-krefeld
Poledance-Area,https://www.eversports.de/sw/poledance-area
Polefamily-Koblenz,https://www.eversports.de/sw/polefamily-koblenz
Polearize,https://www.eversports.de/sw/polearize
Ramonas Tanzschmiede,https://www.eversports.de/sw/ramonas-tanzschmiede
Da Becca Flow and Fit,https://www.eversports.de/sw/da-becca-flow-and-fit
T-Tanzstück Braunschweig,https://www.eversports.de/sw/t-tanzstück-braunschweig
PoleRoom Braunschweig,https://www.eversports.de/sw/poleroom-braunschweig
T-Tanzstück Wolfsburg,https://www.eversports.de/sw/t-tanzstück-wolfsburg
The Pole Lounge,https://www.eversports.de/sw/the-pole-lounge
Pole and Move Mannheim,https://www.eversports.de/sw/pole-and-move-mannheim
Pole and Move Online Studio,https://www.eversports.de/sw/pole-and-move-online-studio
BodySoul Studio Düsseldorf,https://www.eversports.de/sw/bodysoul-studio-düsseldorf
Poledance-Area,https://www.eversports.de/sw/poledance-area
Dance & Pole Deltawerk,https://www.eversports.de/sw/dance-&-pole-deltawerk
Poledance-Area,https://www.eversports.de/sw/poledance-area
Dance & Pole Deltawerk,https://www.eversports.de/sw/dance-&-pole-deltawerk
poda Studio,https://www.eversports.de/sw/poda-studio
Pura Studio,https://www.eversports.de/sw/pura-studio
Pole for Soul GbR,https://www.eversports.de/sw/pole-for-soul-gbr
-Pole-Aerial-Dance- Souldance,https://www.eversports.de/sw/-pole-aerial-dance--souldance
Flow Fusion Pole-Aerial-Dance Studio,https://www.eversports.de/sw/flow-fusion-pole-aerial-dance-studio
Lustforlife.Studio,https://www.eversports.de/sw/lustforlife.studio
Star Poledance,https://www.eversports.de/sw/star-poledance
Pole Arts,https://www.eversports.de/sw/pole-arts
Pole Werk by Nelly,https://www.eversports.de/sw/pole-werk-by-nelly
Pole Faction - Pole Dance & Fitness,https://www.eversports.de/sw/pole-faction---pole-dance-&-fitness
Center of Moving Arts,https://www.eversports.de/sw/center-of-moving-arts
